N,MAE,RMSE,SRCC,PLCC,Bias,pred_mean,pred_std,target_mean,target_std,std_ratio,dataset,model
3981,9.070219128499438,12.095585984735912,0.44718757460911895,0.5287833783671193,-7.576173168746376,64.60595943615742,11.107146142895903,72.1821326049038,6.050631364396424,1.8357003548841861,flive,koniq_score
3981,3.1184151161985425,4.100501064601923,0.6302663637104201,0.7566835770151079,1.0789652736507718,73.26109787855458,4.53752174509609,72.1821326049038,6.050631364396424,0.7499253337091585,flive,flive_score
3981,5.015875123577857,6.813498142240489,0.4688431375728217,0.5630744490084628,-2.35717774259397,69.82495486230984,7.390004850365617,72.1821326049038,6.050631364396424,1.2213609465369901,flive,topiq_score
3981,6.563196525319415,8.9329555533655,0.5491680941183891,0.6269181028350277,-3.0485351955843614,69.13359740931944,10.741828340293202,72.1821326049038,6.050631364396424,1.7753235478037992,flive,topiq_ranking_score
3981,3.473030991284483,4.555047654870594,0.5738654571953618,0.6969928226671895,-0.6391062344715991,71.5430263704322,5.4481128407394,72.1821326049038,6.050631364396424,0.9004205532661586,flive,A1:flive_topiq_mean_50_50
3981,3.7222163062545075,4.913679159883157,0.551654845535564,0.6696350118650376,-0.9827205360960731,71.19941206880773,5.779358831223932,72.1821326049038,6.050631364396424,0.9551662435148942,flive,A2:flive_topiq_topiq60_flive40
3981,3.27325941817767,4.268760159058767,0.5950496408079845,0.7222046204036033,-0.29549193284712777,71.88664067205667,5.157167330987482,72.1821326049038,6.050631364396424,0.8523354044230277,flive,A3:flive_topiq_flive60_topiq40
3981,3.546234669445874,4.767911001316514,0.5729712607073781,0.6841505046846117,-0.7271307544375538,71.45500185046625,5.791791997682317,72.1821326049038,6.050631364396424,0.9572210979110066,flive,A4:flive_topiq_min_cap_8
3981,3.68905887733736,5.082802299708774,0.5664916457481622,0.6668629248139623,-0.9010002952630811,71.28113230964072,6.201434869979285,72.1821326049038,6.050631364396424,1.024923598299217,flive,A5:flive_topiq_disagreement_guard
3981,4.978376598163398,6.535864198295733,0.5336991454508264,0.6461419061071529,-3.248603947547802,68.93352865735599,7.201779019713955,72.1821326049038,6.050631364396424,1.190252485400317,flive,B1:koniq_flive_mean_50_50
3981,5.7213845988956695,7.564395237231725,0.512056752922548,0.6172625846727925,-4.114117791787517,68.06801481311629,7.933984583588532,72.1821326049038,6.050631364396424,1.3112655697840518,flive,B2:koniq_flive_koniq60_flive40
3981,4.29853502267082,5.596629078149307,0.5572841722344393,0.677229131887719,-2.3830901033080876,69.79904250159571,6.510928735759208,72.1821326049038,6.050631364396424,1.0760742712027211,flive,B3:koniq_flive_flive60_koniq40
3981,5.6449906477476155,8.084681384729274,0.5247419048605855,0.5990100405532894,-3.9271464189948553,68.25498618590895,8.768866499354607,72.1821326049038,6.050631364396424,1.4492481810994178,flive,B4:koniq_flive_koniq_guard_cap_8
3981,6.3258540723570675,9.183086985006772,0.507851171084154,0.5773618031931924,-4.647002325460525,67.53513027944328,9.684379417292138,72.1821326049038,6.050631364396424,1.6005568401138575,flive,B5:koniq_flive_disagreement_guard
1008,5.592353035807044,7.194326172336225,0.8660939072646421,0.8912551918087899,1.1759967907250568,59.756286943242664,14.371355728635963,58.580290152517605,15.618942277557046,0.9201234932077477,koniq,koniq_score
1008,14.261503988767119,18.270219420588404,0.6881232752819454,0.7353786504630245,13.711686390182297,72.2919765426999,5.675186067585947,58.580290152517605,15.618942277557046,0.36335277810333266,koniq,flive_score
1008,5.797631609029601,7.729205398356052,0.86252261742985,0.8836945150500845,2.4571650450834848,61.03745519760109,13.295307796740268,58.580290152517605,15.618942277557046,0.8512297158460197,koniq,topiq_score
1008,7.014197996605832,9.069664165115125,0.8448480678667429,0.8716362350385143,3.8743720142252083,62.454662166742814,16.55319732537324,58.580290152517605,15.618942277557046,1.0598155131899445,koniq,topiq_ranking_score
1008,9.096524755758939,11.97488003841196,0.8556813115537385,0.8750182561815034,8.084425717632891,66.6647158701505,9.098325169164902,58.580290152517605,15.618942277557046,0.582518649949705,koniq,A1:flive_topiq_mean_50_50
1008,8.173438884017388,10.868608115746213,0.8620998956224458,0.880262702509153,6.958973583123011,65.53926373564063,9.904723430039574,58.580290152517605,15.618942277557046,0.6341481551072592,koniq,A2:flive_topiq_topiq60_flive40
1008,10.07338583666233,13.150616057468877,0.8444630733860341,0.8660122899432062,9.209877852142771,67.79016800466037,8.318175985389267,58.580290152517605,15.618942277557046,0.5325697372825114,koniq,A3:flive_topiq_flive60_topiq40
1008,8.093355260228284,10.686342047681558,0.8577285521304907,0.871791724126457,7.020897471046606,65.60118762356421,11.09423229988201,58.580290152517605,15.618942277557046,0.7103062488311632,koniq,A4:flive_topiq_min_cap_8
1008,7.338310632962865,9.776840795282256,0.8595057435490635,0.8756116984756597,6.02674861439681,64.60703876691441,12.143140632838179,58.580290152517605,15.618942277557046,0.7774624182001576,koniq,A5:flive_topiq_disagreement_guard
1008,8.516189925377995,11.22277812763933,0.8639486986623733,0.8860704451172267,7.443841590453677,66.02413174297128,9.582734742799714,58.580290152517605,15.618942277557046,0.6135328867031671,koniq,B1:koniq_flive_mean_50_50
1008,7.562605792062334,10.020960284368497,0.8678195106647552,0.8904463782663208,6.190272630507954,64.77056278302555,10.505395654146886,58.580290152517605,15.618942277557046,0.6726060873688069,koniq,B2:koniq_flive_koniq60_flive40
1008,9.578756714464442,12.523105155726654,0.8545650454877189,0.8778358300946736,8.6974105503994,67.27770070291702,8.688941945640623,58.580290152517605,15.618942277557046,0.556307961911468,koniq,B3:koniq_flive_flive60_koniq40
1008,7.304431894958729,9.575596686564445,0.8666548083352082,0.8861500397368006,6.005685142976866,64.58597529549448,12.041241654786043,58.580290152517605,15.618942277557046,0.7709383542628349,koniq,B4:koniq_flive_koniq_guard_cap_8
1008,6.565754498814616,8.643339658814352,0.8667370293026257,0.8894421768066831,4.811896635348804,63.39218678786641,13.121864014907288,58.580290152517605,15.618942277557046,0.8401250085777047,koniq,B5:koniq_flive_disagreement_guard
1125,9.580659564124213,11.806449820138361,0.8555116103521943,0.8451399925123437,-0.3194176194085015,47.628493491702606,19.87955935978161,47.947911111111104,21.935921379045247,0.906255954161651,spaq,koniq_score
1125,20.87626565314399,24.984523939495013,0.826651564344151,0.6814554480952215,18.420806148613824,66.36871725972493,9.73596865423007,47.947911111111104,21.935921379045247,0.4438367774025011,spaq,flive_score
1125,7.91078743174341,10.03821500331437,0.8991544549317566,0.8930665150201922,1.2958436274581484,49.24375473856926,18.294365253817908,47.947911111111104,21.935921379045247,0.8339911936087621,spaq,topiq_score
1125,7.7316292561584055,10.026315344543704,0.8897270730774978,0.8923824083962633,-1.1996713296519386,46.74823978145917,20.620593742635922,47.947911111111104,21.935921379045247,0.94003773018325,spaq,topiq_ranking_score
1125,13.317903748906984,15.806655016401098,0.9015262537979526,0.8672795968862879,9.858324888035986,57.8062359991471,13.244122187423647,47.947911111111104,21.935921379045247,0.6037641163354722,spaq,A1:flive_topiq_mean_50_50
1125,11.926619232278401,14.213025906924017,0.9023019892138611,0.8786948752999786,8.14582863592042,56.09373974703153,14.17636874410055,47.947911111111104,21.935921379045247,0.6462627440688599,spaq,A2:flive_topiq_topiq60_flive40
1125,14.75690283399158,17.51291639439245,0.8990378955075559,0.8501955565939345,11.570821140151551,59.518732251262655,12.368932366535162,47.947911111111104,21.935921379045247,0.5638665526195242,spaq,A3:flive_topiq_flive60_topiq40
1125,10.614518516050445,12.927703109403106,0.8998136562075042,0.8779599442513271,6.847775654784838,54.79568676589595,16.10409724555254,47.947911111111104,21.935921379045247,0.7341427317904377,spaq,A4:flive_topiq_min_cap_8
1125,9.449556466470826,11.695489777086951,0.8997828223207768,0.8845297979031738,5.217824683764246,53.16573579487536,17.20079045151996,47.947911111111104,21.935921379045247,0.7841380425420096,spaq,A5:flive_topiq_disagreement_guard
1125,12.86672208357917,15.55499677170878,0.8748837318723021,0.8435970441297649,9.05069426460266,56.99860537571377,13.89030443709032,47.947911111111104,21.935921379045247,0.6332218372353999,spaq,B1:koniq_flive_mean_50_50
1125,11.51956844406128,14.109165940946092,0.872021865101643,0.8488442146509403,7.1766718878004285,55.12458299891154,15.002114312677618,47.947911111111104,21.935921379045247,0.6839062765336451,spaq,B2:koniq_flive_koniq60_flive40
1125,14.372592637634279,17.205679276759287,0.8770577379079223,0.8331316174022713,10.924716641404892,58.872627752516,12.844527041119912,47.947911111111104,21.935921379045247,0.5855476421149977,spaq,B3:koniq_flive_flive60_koniq40
1125,10.464504802873398,13.237129450418418,0.8637854415954767,0.8340077359200189,5.3420522478739425,53.289963358985055,17.85144009686532,47.947911111111104,21.935921379045247,0.8137994200653129,spaq,B4:koniq_flive_koniq_guard_cap_8
1125,9.904498198530408,12.507398120318438,0.8613560667562925,0.8391749945841324,3.7191784363640683,51.66708954747518,18.932824937608057,47.947911111111104,21.935921379045247,0.8630968633801741,spaq,B5:koniq_flive_disagreement_guard
